,Unnamed: 0,MDT-O ,Object,Set #,Notes,Lure Rating,notes2
1172,1172,011a_1.jpg,BBQ grill,4,blurry image,4,delete
1173,1173,011b_1.jpg,BBQ grill,4,blurry image,4,delete
1178,1178,014a_2.jpg,dog puppy,4,hard to identify,5,delete
1179,1179,014b_2.jpg,dog puppy,4,hard to identify,5,delete
1180,1180,015a_1.jpg,washer,4,blurry image,2,delete
1181,1181,015b_1.jpg,washer,4,blurry image,2,delete
1186,1186,018a_1.jpg,royalty crest,4,blurry image,5,delete
1187,1187,018b_1.jpg,royalty crest,4,blurry image,5,delete
1198,1198,024a_2.jpg,hot plate,4,hard to identify,2,delete
1199,1199,024b_2.jpg,hot plate,4,hard to identify,2,delete
1202,1202,026a_1.jpg,dirt,4,hard to identify,3,delete
1203,1203,026b_1.jpg,dirt,4,hard to identify,3,delete
1218,1218,034a_2.jpg,mini pom poms,4,hard to identify,2,delete
1219,1219,034b_2.jpg,mini pom poms,4,hard to identify,2,delete
1242,1242,046a_2.jpg,clothespin,4,little hard to see,2,delete
1243,1243,046b_2.jpg,clothespin,4,little hard to see,2,delete
1268,1268,059a_1.jpg,wicker rattan ball,4,hard to identify,2,delete
1269,1269,059b_1.jpg,wicker rattan ball,4,hard to identify,2,delete
1288,1288,069a_2.jpg,mini table ball game,4,?,2,delete
1289,1289,069b_2.jpg,mini table ball game,4,?,2,delete
1294,1294,072a_1.jpg,white board,4,little hard to see,3,delete
1295,1295,072b_1.jpg,white board,4,little hard to see,3,delete
1310,1310,080a_2.jpg,hand towels,4,hard to see,1,delete
1311,1311,080b_2.jpg,hand towels,4,hard to see,1,delete
1320,1320,085a_2.jpg,picnic bag,4,hard to identify,1,delete
1321,1321,085b_2.jpg,picnic bag,4,hard to identify,1,delete
1324,1324,087a_2.jpg,footsteps in the sand,4,not an object,1,delete
1325,1325,087b_2.jpg,footsteps in the sand,4,not an object,1,delete
1326,1326,088a_1.jpg,wodden clown toy,4,?,3,delete
1327,1327,088b_1.jpg,wodden clown toy,4,?,3,delete
1330,1330,090a_1.jpg,unknown,4,hard to identify,1,delete
1331,1331,090b_1.jpg,unknown,4,hard to identify,1,delete
1342,1342,096a_1.jpg,mustard packet,4,hard to identify,2,delete
1343,1343,096b_1.jpg,mustard packet,4,hard to identify,2,delete
1364,1364,107a_2.jpg,hole punch,4,hard to identify,3,delete
1365,1365,107b_2.jpg,hole punch,4,hard to identify,3,delete
1368,1368,109a_1.jpg,presentation board,4,low image quality,3,delete
1369,1369,109b_1.jpg,presentation board,4,low image quality,3,delete
1374,1374,112a_1.jpg,taco holder,4,hard to identify,1,delete
1375,1375,112b_1.jpg,taco holder,4,hard to identify,1,delete
1378,1378,114a_1.jpg,snowshoe,4,hard to identify,5,delete
1379,1379,114b_1.jpg,snowshoe,4,hard to identify,5,delete
1384,1384,117a_2.jpg,mini apron,4,hard to identify,5,delete
1385,1385,117b_2.jpg,mini apron,4,hard to identify,5,delete
1398,1398,124a_2.jpg,tofu,4,hard to identify,1,delete
1399,1399,124b_2.jpg,tofu,4,low image quality,1,delete
1410,1410,130a_2.jpg,flat screw driver,4,low image quality,3,delete
1411,1411,130b_2.jpg,flat screw driver,4,low image quality,3,delete
1412,1412,131a_1.jpg,cactus,4,low image quality,5,delete
1413,1413,131b_1.jpg,cactus,4,low image quality,5,delete
1416,1416,133a_1.jpg,floppy disk,4,low image quality,2,delete
1417,1417,133b_1.jpg,floppy disk,4,low image quality,2,delete
1418,1418,134a_2.jpg,lawn mower,4,low image quality,1,delete
1419,1419,134b_2.jpg,lawn mower,4,low image quality,1,delete
1422,1422,136a_2.jpg,light tower maquette,4,low image quality,5,delete
1423,1423,136b_2.jpg,light tower maquette,4,low image quality,5,delete
1424,1424,137a_1.jpg,drink lid,4,hard to identify,1,delete
1425,1425,137b_1.jpg,drink lid,4,hard to identify,1,delete
1442,1442,146a_2.jpg,yo-yo,4,hard to identify,4,delete
1443,1443,146b_2.jpg,yo-yo,4,hard to identify,4,delete
1452,1452,151a_2.jpg,clothes on hanger,4,low image quality,2,delete
1453,1453,151b_2.jpg,clothes on hanger,4,low image quality,2,delete
1462,1462,156a_2.jpg,marshmellows,4,hard to see,3,delete
1463,1463,156b_2.JPG,marshmellows,4,hard to see,3,delete
1470,1470,160a_1.jpg,pancakes,4,hard to identify,4,delete
1471,1471,160b_1.jpg,pancakes,4,hard to identify,4,delete
1472,1472,161a_1.jpg,sand dollar,4,hard to identify,3,delete
1473,1473,161b_1.jpg,sand dollar,4,hard to identify,3,delete
1476,1476,163a_2.jpg,lighter,4,low image quality,1,delete
1477,1477,163b_2.jpg,lighter,4,low image quality,1,delete
1486,1486,168a_1.jpg,electric onion chopper,4,low image quality,2,delete
1487,1487,168b_1.jpg,electric onion chopper,4,low image quality,2,delete
1494,1494,172a_2.jpg,soap bar,4,hard to see,1,delete
1495,1495,172b_2.jpg,soap bar,4,hard to see,1,delete
1514,1514,182a_2.jpg,diving fins,4,low image quality,5,delete
1515,1515,182b_2.jpg,diving fins,4,low image quality,5,delete
1524,1524,187a_1.jpg,old hand whisk,4,hard to identify,4,delete
1525,1525,187b_1.jpg,old hand whisk,4,hard to identify,4,delete
1540,1540,003a_2.jpg,microscope,5,blurry image,1,delete
1541,1541,003b_2.jpg,microscope,5,blurry image,1,delete
1568,1568,017a_1.jpg,pine cone,5,blurry image,4,delete
1569,1569,017b_1.jpg,pine cone,5,blurry image,4,delete
1578,1578,022a_2.jpg,hot tub,5,same as in set 4,5,delete
1579,1579,022b_2.jpg,hot tub,5,same as in set 4,5,delete
1580,1580,023a_2.jpg,gloves,5,duplicate,2,delete
1581,1581,023b_2.jpg,gloves,5,duplicate,2,delete
1582,1582,024a_2.jpg,paper cutter,5,same concept as in set 4,3,delete
1583,1583,024b_2.jpg,paper cutter,5,same concept as in set 4,3,delete
1604,1604,035a_2.jpg,charm,5,low image quality,3,delete
1605,1605,035b_2.jpg,charm,5,low image quality,3,delete
1606,1606,036a_1.jpg,makeup brush,5,low image quality,3,delete
1607,1607,036b_1.jpg,makeup brush,5,low image quality,3,delete
1622,1622,044a_2.jpg,pager,5,hard to identify,5,delete
1623,1623,044b_2.jpg,pager,5,hard to identify,5,delete
1624,1624,045a_1.jpg,metronome,5,same concept as in set 4,4,delete
1625,1625,045b_1.jpg,metronome,5,same concept as in set 4,4,delete
1636,1636,051a_1.jpg,arcade game,5,duplicate,3,delete
1637,1637,051b_1.jpg,arcade game,5,duplicate,3,delete
1648,1648,057a_1.jpg,printer paper,5,hard to identify,1,delete
1649,1649,057b_1.jpg,printer paper,5,hard to identify,1,delete
1658,1658,062a_2.jpg,cup of coffee,5,hard to identify,1,delete
1659,1659,062b_2.jpg,cup of coffee,5,hard to identify,1,delete
1700,1700,083a_1.jpg,lawn mower,5,same as set 4,2,delete
1701,1701,083b_1.jpg,lawn mower,5,same as set 4,2,delete
1716,1716,091a_2.jpg,plastic spoon,5,hard to see,4,delete
1717,1717,091b_2.jpg,plastic spoon,5,hard to see,4,delete
1730,1730,098a_1.jpg,full pizza,5,we had pizza slice before,5,delete
1731,1731,098b_1.jpg,full pizza,5,we had pizza slice before,5,delete
1760,1760,113a_2.jpg,shoehorn,5,same concept as in set 4,2,delete
1761,1761,113b_2.jpg,shoehorn,5,same concept as in set 4,2,delete
1764,1764,115a_2.jpg,basketball,5,blurry image,2,delete
1765,1765,115b_2.jpg,basketball,5,blurry image,2,delete
1776,1776,121a_2.jpg,electric onion chopper,5,same concept as in set 4,2,delete
1777,1777,121b_2.jpg,electric onion chopper,5,same concept as in set 4,2,delete
1778,1778,122a_1.jpg,tape measure,5,same concept as in set 4,1,delete
1779,1779,122b_1.jpg,tape measure,5,same concept as in set 4,1,delete
1786,1786,126a_1.jpg,mini BBQ grill,5,same concept as in set 4,1,delete
1787,1787,126b_1.jpg,mini BBQ grill,5,same concept as in set 4,1,delete
1798,1798,132a_2.jpg,plastic mini balls,5,hard to identify,2,delete
1799,1799,132b_2.jpg,plastic mini balls,5,hard to identify,2,delete
1830,1830,148a_1.jpg,drum,5,blurry image,4,delete
1831,1831,148b_1.jpg,drum,5,blurry image,4,delete
1836,1836,151a_2.jpg,whisk,5,same concept as in set 4,2,delete
1837,1837,151b_2.jpg,whisk,5,same concept as in set 4,2,delete
1846,1846,156a_2.jpg,?,5,blurry image,5,delete
1847,1847,156b_2.JPG,?,5,blurry image,5,delete
1852,1852,159a_1.jpg,landline,5,blurry image,2,delete
1853,1853,159b_1.jpg,landline,5,blurry image,2,delete
1854,1854,160a_1.jpg,maple syrup,5,blurry image,2,delete
1855,1855,160b_1.jpg,maple syrup,5,blurry image,2,delete
1856,1856,161a_1.jpg,headphones,5,same concept as in set 4,3,delete
1857,1857,161b_1.jpg,headphones,5,same concept as in set 4,3,delete
1858,1858,162a_2.jpeg,?,5,blurry image,2,delete
1859,1859,162b_2.jpg,?,5,blurry image,2,delete
1864,1864,165a_1.jpg,towels,5,same concept in set 5,5,delete
1865,1865,165b_1.jpg,towels,5,same concept in set 5,5,delete
1866,1866,166a_2.jpg,post-it note,5,same concept as in set 4,2,delete
1867,1867,166b_2.jpg,post-it note,5,same concept as in set 4,2,delete
1870,1870,168a_1.jpg,dog,5,blurry image,2,delete
1871,1871,168b_1.jpg,dog,5,blurry image,2,delete
1884,1884,175a_1.jpg,step stool,5,same concept as in set 4,3,delete
1885,1885,175b_1.jpg,step stool,5,same concept as in set 4,3,delete
1890,1890,178a_2.jpg,rake,5,same concept as in set 4,1,delete
1891,1891,178b_2.jpg,rake,5,same concept as in set 4,1,delete
1914,1914,190a_1.jpg,coax cable,5,blurry image,1,delete
1915,1915,190b_1.jpg,coax cable,5,blurry image,1,delete
1926,1926,004a.jpg, bellow,6,not easy to identify ,5,delete
1927,1927,004b.jpg,bellow,6,not easy to identify ,5,delete
1930,1930,006a.jpg,small ball and jacks game set,6,blurry image,2,delete
1931,1931,006b.jpg,small ball and jacks game set,6,blurry image,2,delete
1936,1936,009a.jpg,binder with schedule,6,blurry image,4,delete
1937,1937,009b.jpg,binder with daily schedule,6,blurry image,4,delete
1940,1940,011a.jpg,paper towel holder,6,blurry image,3,delete
1941,1941,011b.jpg,paper towel holder,6,blurry image,3,delete
1952,1952,017a.jpg,adjustable poly hose nozzle,6,not easily identifiable ,3,delete
1953,1953,017b.jpg,adjustable poly hose nozzle,6,not easily identifiable ,3,delete
1968,1968,025a.jpg,racket,6,slightly blurry image,5,delete
1969,1969,025b.jpg,racket ,6,slightly blurry image,5,delete
1982,1982,032a.jpg,motorcycle ,6,blurry image,2,delete
1983,1983,032b.jpg,motorcycle ,6,blurry image,2,delete
1984,1984,033a.jpg,"fruit, yogurt parfait ",6,slightly blurry,4,delete
1985,1985,033b.jpg,"fruit, yogurt parfait ",6,slightly blurry,4,delete
1994,1994,038a.jpg,Compass Arc,6,"good quality image, not easily identifiable ",1,delete
1995,1995,038b.jpg,Compass Arc,6,"good quality image, not easily identifiable ",1,delete
2004,2004,043a.jpg,earring,6,"good quality image, not easily identifiable ",4,delete
2005,2005,043b.jpg,earring,6,"good quality image, not easily identifiable ",4,delete
2010,2010,046a.jpg,connector,6,"clear image, not easily identifiable ",1,delete
2011,2011,046b.jpg,connector,6,"clear image, not easily identifiable ",1,delete
2012,2012,047a.jpg,controller ,6,blurry image,3,delete
2013,2013,047b.jpg,controller ,6,blurry image,3,delete
2016,2016,049a.jpg,monitor,6,"clear image, not easily identifiable ",3,delete
2017,2017,049b.jpg,monitor,6,"clear image, not easily identifiable ",3,delete
2020,2020,051a.jpg,tool,6,"clear image, not easily identifiable ",4,delete
2021,2021,051b.jpg,tool,6,"clear image, not easily identifiable ",4,delete
2022,2022,052a.jpg,leash,6,"clear image, not easily identifiable ",1,delete
2023,2023,052b.jpg,leash,6,"clear image, not easily identifiable ",1,delete
2034,2034,058a.jpg,alcohol bottle,6,"clear image, not easily identifiable ",4,delete
2035,2035,058b.jpg,cologne,6,"clear image, not easily identifiable ",4,delete
2038,2038,060a.jpg,lily plant ,6,"clear image, not easily identifiable ",3,delete
2039,2039,060b.jpg,lily plant ,6,"clear image, not easily identifiable ",3,delete
2040,2040,061a.jpg,hurdle,6,"clear image, not easily identifiable ",5,delete
2041,2041,061b.jpg,hurdle,6,"clear image, not easily identifiable ",5,delete
2052,2052,067a.jpg,litter box,6,"clear image, not easily identifiable ",5,delete
2053,2053,067b.jpg,litter box,6,"clear image, not easily identifiable ",5,delete
2086,2086,084a.jpg,confidiment box,6,"clear image, not easily identifiable ",5,delete
2087,2087,084b.jpg,confidiment box,6,"clear image, not easily identifiable ",5,delete
2092,2092,087a.jpg,grass trimmer,6,"clear image, not easily identifiable ",1,delete
2093,2093,087b.jpg,grass trimmer,6,"clear image, not easily identifiable ",1,delete
2094,2094,088a.jpg,globes,6,slightly blurry image,2,delete
2095,2095,088b.jpg,globes,6,slightly blurry image,2,delete
2096,2096,089a.jpg,server and storage box,6,"clear image, not easily identifiable ",4,delete
2097,2097,089b.jpg,server and storage box,6,"clear image, not easily identifiable ",4,delete
2110,2110,096a.jpg,bookend,6,"clear image, not easily identifiable ",3,delete
2111,2111,096b.jpg,bookend,6,"clear image, not easily identifiable ",3,delete
2116,2116,099a.jpg,Waikiki,6,"clear image, not easily identifiable ",3,delete
2117,2117,099b.jpg,Waikiki,6,"clear image, not easily identifiable ",3,delete
2132,2132,107a.jpg,art table,6,"clear image, not easily identifiable ",2,delete
2133,2133,107b.jpg,art table,6,"clear image, not easily identifiable ",2,delete
2160,2160,121a.jpg,balloon ,6,"clear image, not easily identifiable ",4,delete
2161,2161,121b.jpg,balloon ,6,"clear image, not easily identifiable ",4,delete
2174,2174,128a.jpg,wright tool,6,"clear image, not easily identifiable ",1,delete
2175,2175,128b.jpg,wright tool,6,"clear image, not easily identifiable ",1,delete
2186,2186,134a.jpg,marimba,6,"clear image, not easily identifiable ",3,delete
2187,2187,134b.jpg,marimba,6,"clear image, not easily identifiable ",3,delete
2194,2194,138a.jpg,golf club set,6,slightly blurry image ,1,delete
2195,2195,138b.jpg,golf club set,6,slightly blurry image ,1,delete
2238,2238,160a.jpg,toy fish,6,"clear image, not easily identifiable ",5,delete
2239,2239,160b.jpg,toy fish,6,"clear image, not easily identifiable ",5,delete
2242,2242,162a.jpg,clear jars ,6,"clear image, not easily identifiable ",2,delete
2243,2243,162b.jpg,clear jars ,6,"clear image, not easily identifiable ",2,delete
2258,2258,170a.jpg,antique ,6,"clear image, not easily identifiable ",2,delete
2259,2259,170b.jpg,antique ,6,"clear image, not easily identifiable ",2,delete
2296,2296,189a.jpg,machine,6,"clear image, not easily identifiable ",5,delete
2297,2297,189b.jpg,machine,6,"clear image, not easily identifiable ",5,delete
2298,2298,190a.jpg,gem,6,"clear image, not easily identifiable ",3,delete
2299,2299,190b.jpg,gem,6,"clear image, not easily identifiable ",3,delete
2310,2310,004a.jpg,game board,c,"good quality, not easily identifiable ",5,delete
2311,2311,004b.jpg,game board ,c,"good quality, not easily identifiable ",5,delete
2316,2316,007a.jpg,computer ,c,"good quality, not easily identifiable ",2,delete
2317,2317,007b.jpg,computer ,c,"good quality, not easily identifiable ",2,delete
2326,2326,012a.jpg,alarm clock,c,slightly blurry image ,2,delete
2327,2327,012b.jpg,alarm clock,c,slightly blurry image ,2,delete
2331,2331,014b.jpg,globe,c, slightly blurry image,2,delete
2336,2336,017a.jpg,vintage radio,c,"good quality, not easily identifiable ",4,delete
2337,2337,017b.jpg,vintage radio,c,"good quality, not easily identifiable ",4,delete
2352,2352,025a.jpg,life preserver ,c,"good quality, not easily identifiable ",5,delete
2353,2353,025b.jpg,life preserver ,c,"good quality, not easily identifiable ",5,delete
2372,2372,035a.jpg,pliers ,c,Duplicate of set 6 #155,4,delete
2373,2373,035b.jpg,pliers ,c,Duplicate of set 6 #155,4,delete
2378,2378,038a.jpg,ping pong racket ,c,Duplicate of 110 from set 2 (both ping pong paddles),5,delete
2379,2379,038b.jpg,ping pong racket ,c,Duplicate of 110 from set 2 (both ping pong paddles),5,delete
2384,2384,041a.jpg,bookstack,c,blurry image ,3,delete
2385,2385,041b.jpg,bookstack,c,blurry image ,3,delete
2398,2398,048a.jpg,computer tool ,c,"good quality image, not easily identifiable ",3,delete
2399,2399,048b.jpg,computer tool ,c,"good quality image, not easily identifiable ",3,delete
2406,2406,052a.jpg,gavel,c,slightly blurry image ,1,delete
2414,2414,056a.jpg,computer tool ,c,"good quality image, not easily identifiable ",3,delete
2415,2415,056b.jpg,computer tool ,c,"good quality image, not easily identifiable ",3,delete
2420,2420,059a.jpg,measuring tape,c,Duplicate of set 4 #141,4,delete
2421,2421,059b.jpg,measuring tape,c,Duplicate of set 4 #141,4,delete
2424,2424,061a.jpg,plumb bob,c,"good quality image, not easily identifiable ",1,delete
2425,2425,061b.jpg,plumb bob,c,"good quality image, not easily identifiable ",1,delete
2426,2426,062a.jpg,tool,c,"good quality image, not easily identifiable ",3,delete
2427,2427,062b.jpg,tool,c,"good quality image, not easily identifiable ",3,delete
2458,2458,078a.jpg,tape,c,blurry image ,3,delete
2459,2459,078b.jpg,tape,c,blurry image ,3,delete
2460,2460,079a.jpg,leather shoe,c,duplicate,4,delete
2461,2461,079b.jpg,leather shoe,c,duplicate,4,delete
2464,2464,081a.jpg,comb,c,duplicate,1,delete
2465,2465,081b.jpg,comb,c,duplicate,1,delete
2476,2476,087a.jpg,pretzel,c,duplicate,1,delete
2477,2477,087b.jpg,pretzel,c,duplicate,1,delete
2480,2480,089a.jpg,cup of coffee,c,duplicate,1,delete
2481,2481,089b.jpg,cup of coffee,c,duplicate,1,delete
2482,2482,090a.jpg,motorcycle,c,similar concept ,1,delete
2483,2483,090b.jpg,motorcycle,c,similar concept ,1,delete
2484,2484,091a.jpg,gramophone,c,duplicate,4,delete
2485,2485,091b.jpg,gramophone,c,duplicate,4,delete
2486,2486,092a.jpg,rollerblades,c,similar concept ,2,delete
2487,2487,092b.jpg,rollerblades,c,similar concept ,2,delete
2488,2488,093a.jpg,full pizza,c,duplicate,4,delete
2489,2489,093b.jpg,full pizza,c,duplicate,4,delete
2490,2490,094a.jpg,stapler,c,similar concept ,3,delete
2491,2491,094b.jpg,stapler,c,similar concept ,3,delete
2492,2492,095a.jpg,wrist watch,c,duplicate,1,delete
2493,2493,095b.jpg,wrist watch,c,duplicate,1,delete
2496,2496,097a.jpg,strainer,c,duplicate,2,delete
2497,2497,097b.jpg,strainer,c,duplicate,2,delete
2506,2506,102a.jpg,?,c,hard to identify,1,delete
2507,2507,102b.jpg,?,c,hard to identify,1,delete
2508,2508,103a.jpg,oboe,c,hard to identify,3,delete
2509,2509,103b.jpg,oboe,c,hard to identify,3,delete
2516,2516,107a.jpg,paper map,c,Duplicate from set 1 image 99,1,delete
2517,2517,107b.jpg,paper map,c,Duplicate from set 1 image 99,1,delete
2518,2518,108a.jpg,globe keychain,c,hard to identify,1,delete
2519,2519,108b.jpg,globe keychain,c,hard to identify,1,delete
2524,2524,111a.jpg,hook,c,hard to identify,2,delete
2525,2525,111b.jpg,hook,c,hard to identify,2,delete
2530,2530,114a.jpg,stack of boxes,c,similar concept,3,delete
2531,2531,114b.jpg,stack of boxes,c,similar concept,3,delete
2534,2534,116a.jpg,pet bowl,c,duplicate,3,delete
2535,2535,116b.jpg,pet bowl,c,duplicate,3,delete
2536,2536,117a.jpg,acorn,c,duplicate,4,delete
2537,2537,117b.jpg,acorn,c,duplicate,4,delete
2544,2544,121a.jpg,bird nest,c,similar concept,5,delete
2545,2545,121b.jpg,bird nest,c,similar concept,5,delete
2548,2548,123a.jpg,clothes on line,c,duplicate,2,delete
2549,2549,123b.jpg,clothes on line,c,duplicate,2,delete
2554,2554,126a.jpg,rosemary,c,hard to identify,3,delete
2555,2555,126b.jpg,rosemary,c,hard to identify,3,delete
2556,2556,127a.jpg,coffee beans,c,duplicate,1,delete
2557,2557,127b.jpg,coffee beans,c,duplicate,1,delete
2558,2558,128a.jpg,diving fins,c,duplicate,3,delete
2559,2559,128b.jpg,diving fins,c,duplicate,3,delete
2562,2562,130a.jpg,trash bin,c,duplicate,4,delete
2563,2563,130b.jpg,trash bin,c,duplicate,4,delete
2566,2566,132a.jpg,hot tub,c,duplicate,5,delete
2567,2567,132b.jpg,hot tub,c,duplicate,5,delete
2572,2572,135a.jpg,knapsack?,c,hard to identify,5,delete
2573,2573,135b.jpg,knapsack?,c,hard to identify,5,delete
2574,2574,136a.jpg,footsteps in the sand,c,duplicate,1,delete
2575,2575,136b.jpg,footsteps in the sand,c,duplicate,1,delete
2576,2576,137a.jpg,cactus,c,duplicate,5,delete
2577,2577,137b.jpg,cactus,c,duplicate,5,delete
2580,2580,139a.jpg,paper shredder,c,duplicate,5,delete
2581,2581,139b.jpg,paper shredder,c,duplicate,5,delete
2582,2582,140a.jpg,silver tea set,c,duplicate,2,delete
2583,2583,140b.jpg,silver tea set,c,duplicate,2,delete
2586,2586,142a.jpg,kitchen faucet,c,duplicate,2,delete
2587,2587,142b.jpg,kitchen faucet,c,duplicate,2,delete
2590,2590,144a.jpg,necklace charm,c,duplicate,4,delete
2591,2591,144b.jpg,necklace charm,c,duplicate,4,delete
2592,2592,145a.jpg,fridge,c,duplicate,2,delete
2593,2593,145b.jpg,fridge,c,duplicate,2,delete
2598,2598,148a.jpg,bell,c,duplicate,1,delete
2599,2599,148b.jpg,bell,c,duplicate,1,delete
2602,2602,150a.jpg,cowboy boot,c,duplicate,2,delete
2603,2603,150b.jpg,cowboy boot,c,duplicate,2,delete
2606,2606,152a.jpg,electric shaver,c,duplicate,1,delete
2607,2607,152b.jpg,electric shaver,c,duplicate,1,delete
2618,2618,158a.jpg,stepping stool,c,duplicate,3,delete
2619,2619,158b.jpg,stepping stool,c,duplicate,3,delete
2620,2620,159a.jpg,?,c,hard to identify,1,delete
2621,2621,159b.jpg,?,c,hard to identify,1,delete
2622,2622,160a.jpg,makeup brush,c,duplicate,3,delete
2623,2623,160b.jpg,makeup brush,c,duplicate,3,delete
2624,2624,161a.jpg,brie cheese,c,hard to identify,5,delete
2625,2625,161b.jpg,brie cheese,c,hard to identify,5,delete
2626,2626,162a.jpg,christmas wreath,c,duplicate,5,delete
2627,2627,162b.jpg,christmas wreath,c,duplicate,5,delete
2628,2628,163a.jpg,tool box,c,Duplicate from set 1 image 68,3,delete
2629,2629,163b.jpg,tool box,c,Duplicate from set 1 image 68,3,delete
2642,2642,170a.jpg,indoor bike,c,duplicate,4,delete
2643,2643,170b.jpg,indoor bike,c,duplicate,4,delete
2650,2650,174a.jpg,orange juicer,c,duplicate,5,delete
2651,2651,174b.jpg,orange juicer,c,duplicate,5,delete
2652,2652,175a.jpg,ceiling fan,c,duplicate,4,delete
2653,2653,175b.jpg,ceiling fan,c,duplicate,4,delete
2658,2658,178a.jpg,shower head,c,duplicate,3,delete
2659,2659,178b.jpg,shower head,c,duplicate,3,delete
2662,2662,180a.jpg,sun hat,c,duplicate,5,delete
2663,2663,180b.jpg,sun hat,c,duplicate,5,delete
2664,2664,181a.jpg,?,c,hard to identify,5,delete
2665,2665,181b.jpg,?,c,hard to identify,5,delete
2666,2666,182a.jpg,?,c,hard to identify,3,delete
2667,2667,182b.jpg,?,c,hard to identify,3,delete
2670,2670,184a.jpg,spice collection,c,similar concept,3,delete
2671,2671,184b.jpg,spice collection,c,similar concept,3,delete
2672,2672,185a.jpg,knife rack,c,duplicate,5,delete
2673,2673,185b.jpg,knife rack,c,duplicate,5,delete
2676,2676,187a.jpg,electric onion chopper,c,duplicate,4,delete
2677,2677,187b.jpg,electric onion chopper,c,duplicate,4,delete
2680,2680,189a.jpg,pin and box,c,duplicate,5,delete
2681,2681,189b.jpg,pin and box,c,duplicate,5,delete
2684,2684,191a.jpg,ATV,c,duplicate,3,delete
2685,2685,191b.jpg,ATV,c,duplicate,3,delete
2686,2686,192a.jpg,flip flops,c,duplicate,5,delete
2687,2687,192b.jpg,flip flops,c,duplicate,5,delete
2688,2688,001a_2.jpg,light swtich,d,Duplicate from set 6 #57,1,delete
2689,2689,001b_2.jpg,light swtich,d,Duplicate from set 6 #57,1,delete
2692,2692,003a_2.jpg,crutches,d,duplicates,1,delete
2693,2693,003b_2.jpg,crutches,d,duplicates,1,delete
2694,2694,004a_1.jpg,wodden clip,d,similar concept,2,delete
2695,2695,004b_1.jpg,wodden clip,d,similar concept,2,delete
2696,2696,005a_2.jpg,skeleton,d,duplicates,1,delete
2697,2697,005b_2.jpg,skeleton,d,duplicates,1,delete
2700,2700,007a_2.jpg,chessboard,d,Duplicate from set 2 image 192,4,delete
2701,2701,007b_2.jpg,chessboard,d,Duplicate from set 2 image 192,4,delete
2710,2710,012a_2.jpg,hammer,d,similar,1,delete
2711,2711,012b_2.jpg,hammer,d,similar,1,delete
2712,2712,013a_1.jpg,number lock,d,blurry image,3,delete
2713,2713,013b_1.jpg,number lock,d,blurry image,3,delete
2716,2716,015a_1.jpg,rubber duck,d,duplicates,1,delete
2717,2717,015b_1.jpg,rubber duck,d,duplicates,1,delete
2722,2722,018a_1.jpg,flat screw driver,d,duplicates,3,delete
2723,2723,018b_1.jpg,flat screw driver,d,duplicates,3,delete
2724,2724,019a_2.jpg,chalk borad,d,Duplicate from set 2 #84,3,delete
2725,2725,019b_2.jpg,chalk borad,d,Duplicate from set 2 #84,3,delete
2726,2726,020a_1.jpg,strawberry,d,blurry image,1,delete
2727,2727,020b_1.jpg,strawberry,d,blurry image,1,delete
2728,2728,021a_2.jpg,teapot,d,blurry image,2,delete
2729,2729,021b_2.jpg,teapot,d,blurry image,2,delete
2734,2734,024a_2.jpg,compass,d,similar ,4,delete
2735,2735,024b_2.jpg,compass,d,similar ,4,delete
2738,2738,026a_1.jpg,lawn mower,d,blurry image,2,delete
2739,2739,026b_1.jpg,lawn mower,d,blurry image,2,delete
2740,2740,027a_2.jpg,dice,d,duplicate,5,delete
2741,2741,027b_2.jpg,dice,d,duplicate,5,delete
2742,2742,028a_1.jpg,dog,d,duplicates,3,delete
2743,2743,028b_1.jpg,dog,d,duplicates,3,delete
2750,2750,032a_1.jpg,classic guitar,d,duplicates,3,delete
2751,2751,032b_1.jpg,classic guitar,d,duplicates,3,delete
2752,2752,033a_2.jpg,woman hand,d,duplicates,4,delete
2753,2753,033b_2.jpg,woman hand,d,duplicates,4,delete
2754,2754,034a_2.jpg,headphones,d,duplicates,5,delete
2755,2755,034b_2.jpg,headphones,d,duplicates,5,delete
2756,2756,035a_2.jpg,key,d,duplicates,3,delete
2757,2757,035b_2.jpg,key,d,duplicates,3,delete
2760,2760,037a_1.jpg,chest medal,d,duplicates,1,delete
2761,2761,037b_1.jpg,chest medal,d,duplicates,1,delete
2762,2762,038a_2.jpg,?,d,duplicates,2,delete
2763,2763,038b_2.jpg,?,d,duplicates,2,delete
2764,2764,039a_2.jpg,microphone,d,blurry image,2,delete
2765,2765,039b_2.jpg,microphone,d,blurry image,2,delete
2766,2766,040a_2.jpg,microscope,d,similar,1,delete
2767,2767,040b_2.jpg,microscope,d,similar,1,delete
2768,2768,041a_1.jpg,grand piano,d,duplicates,2,delete
2769,2769,041b_1.jpg,grand piano,d,duplicates,2,delete
2774,2774,044a_2.jpg,TV remote,d,blurry image,4,delete
2775,2775,044b_2.jpg,TV remote,d,blurry image,4,delete
2782,2782,048a_1.jpg,landline phone,d,duplicates,3,delete
2783,2783,048b_1.jpg,landline phone,d,duplicates,3,delete
2784,2784,049a_1.jpg,old TV,d,"blurry, hard to identify",2,delete
2785,2785,049b_1.jpg,old TV,d,"blurry, hard to identify",2,delete
2786,2786,050a_1.jpg,umbrella,d,duplicates,1,delete
2787,2787,050b_1.jpg,umbrella,d,duplicates,1,delete
2794,2794,054a_2.jpg,?,d,hard to identify,3,delete
2795,2795,054b_2.jpg,?,d,hard to identify,3,delete
2796,2796,055a_2.jpg,gardening gloves,d,duplicate,2,delete
2797,2797,055b_2.jpg,gardening gloves,d,duplicate,2,delete
2800,2800,057a_1.jpg,tape measure,d,duplicates,1,delete
2801,2801,057b_1.jpg,tape measure,d,duplicates,1,delete
2810,2810,062a_2.jpg,coax cable,d,duplicates,1,delete
2811,2811,062b_2.jpg,coax cable,d,duplicates,1,delete
2812,2812,063a_2.jpg,snail shell,d,duplicates,3,delete
2813,2813,063b_2.jpg,snail shell,d,duplicates,3,delete
2814,2814,064a_2.jpg,plunger,d,duplicates,1,delete
2815,2815,064b_2.jpg,plunger,d,duplicates,1,delete
2822,2822,068a_2.jpg,shopping cart,d,duplicates,2,delete
2823,2823,068b_2.jpg,shopping cart,d,duplicates,2,delete
2824,2824,069a_2.jpg,floppy disk,d,duplicates,3,delete
2825,2825,069b_2.jpg,floppy disk,d,duplicates,3,delete
2832,2832,073a_2.jpg,lighter,d,duplicates,1,delete
2833,2833,073b_2.jpg,lighter,d,duplicates,1,delete
2836,2836,075a_1.jpg,bunny,d,Duplicate from set 2 #001,4,delete
2837,2837,075b_1.jpg,bunny,d,Duplicate from set 2 #001,4,delete
2840,2840,077a_2.jpg,fall leaf,d,similar,5,delete
2841,2841,077b_2.jpg,fall leaf,d,similar,5,delete
2846,2846,080a_2.jpg,paper plane,d,hard to see,1,delete
2847,2847,080b_2.jpg,paper plane,d,hard to see,1,delete
2848,2848,081a_1.jpg,garden drawf,d,duplicates,1,delete
2849,2849,081b_1.jpg,garden dwarf,d,duplicates,1,delete
2850,2850,082a_1.jpg,box,d,blurry,4,delete
2851,2851,082b_1.jpg,box,d,blurry,4,delete
2852,2852,083a_1.jpg,toilet,d,duplicates,2,delete
2853,2853,083b_1.jpg,toilet,d,duplicates,2,delete
2854,2854,084a_1.jpg,loaded baked potato,d,hard to identify,4,delete
2855,2855,084b_1.jpg,loaded baked potato,d,hard to identify,4,delete
2856,2856,085a_2.jpg,power jig saw,d,Duplicate from set 3 image #117,4,delete
2857,2857,085b_2.jpg,power jig saw,d,Duplicate from set 3 image #117,4,delete
2858,2858,086a_1.jpg,large stapler,d,hard to identify,3,delete
2859,2859,086b_1.jpg,large stapler,d,hard to identify,3,delete
2862,2862,088a_1.jpg,door mat,d,duplicates,3,delete
2863,2863,088b_1.jpg,door mat,d,duplicates,3,delete
2866,2866,090a_1.jpg,motorcycle,d,duplicates,2,delete
2867,2867,090b_1.jpg,motorcycle,d,duplicates,2,delete
2868,2868,091a_2.jpg,gravy boat,d,duplicates,3,delete
2869,2869,091b_2.jpg,gravy boat,d,duplicates,3,delete
2872,2872,093a_2.jpg,desk lamp,d,duplicates,4,delete
2873,2873,093b_2.jpg,desk lamp,d,duplicates,4,delete
2874,2874,094a_1.jpg,seahorse,d,duplicates,4,delete
2875,2875,094b_1.jpg,seahorse,d,duplicates,4,delete
2878,2878,096a_1.jpg,pickle,d,duplicates,4,delete
2879,2879,096b_1.jpg,pickle,d,duplicates,4,delete
2880,2880,097a_1.jpg,swimming goggles,d,duplicates,5,delete
2881,2881,097b_1.jpg,swimming goggles,d,duplicates,5,delete
2888,2888,101a_2.jpg,measuring stick,d,blurry image,4,delete
2889,2889,101b_2.jpg,measuring stick,d,blurry image,4,delete
2890,2890,102a_1.jpg,plastic bin,d,Duplicate from set 4 image #03,3,delete
2891,2891,102b_1.jpg,plastic bin,d,Duplicate from set 4 image #03,3,delete
2892,2892,103a_1.jpg,globes,d,blurry image,1,delete
2893,2893,103b_1.jpg,globes,d,blurry image,1,delete
2898,2898,106a_2.jpg,flashlight,d,similar ,2,delete
2899,2899,106b_2.jpg,flashlight,d,similar ,2,delete
2902,2902,108a_1.jpg,picnic box,d,duplicates,2,delete
2903,2903,108b_1.jpg,picnic box,d,duplicates,2,delete
2908,2908,111a_1.jpg,chocolate chip cookie,d,duplicates,4,delete
2909,2909,111b_1.jpg,chocolate chip cookie,d,duplicates,4,delete
2910,2910,112a_1.jpg,weight,d,hard to identify,2,delete
2911,2911,112b_1.jpg,weight,d,hard to identify,2,delete
2912,2912,113a_2.jpg,silver candle stick,d,duplicates,3,delete
2913,2913,113b_2.jpg,silver candle stick,d,duplicates,3,delete
2914,2914,114a_1.jpg,traffic cone,d,duplicates,1,delete
2915,2915,114b_1.jpg,traffic cone,d,duplicates,1,delete
2916,2916,115a_2.jpg,manual pump,d,Duplicate from set 1 image 187,2,delete
2917,2917,115b_2.jpg,manual pump,d,Duplicate from set 1 image 187,2,delete
2918,2918,116a_2.jpg,bonbons,d,duplicates,3,delete
2919,2919,116b_2.jpg,bonbons,d,duplicates,3,delete
2922,2922,118a_2.jpg,baby bottle,d,duplicates,1,delete
2923,2923,118b_2.jpg,baby bottle,d,duplicates,1,delete
2924,2924,119a_1.jpg,plant,d,duplicates,3,delete
2925,2925,119b_1.jpg,plant,d,duplicates,3,delete
2926,2926,120a_1.jpg,coconut,d,duplicates,5,delete
2927,2927,120b_1.jpg,coconut,d,duplicates,5,delete
2930,2930,122a_1.jpg,pasta server,d,duplicates,2,delete
2931,2931,122b_1.jpg,pasta server,d,duplicates,2,delete
2934,2934,124a_2.jpg,door knock,d,duplicates,3,delete
2935,2935,124b_2.jpg,door knock,d,duplicates,3,delete
2940,2940,127a_2.jpg,picture frame,d,blurry,3,delete
2941,2941,127b_2.jpg,picture frame,d,blurry,3,delete
2946,2946,130a_2.jpg,piñata,d,duplicates,3,delete
2947,2947,130b_2.jpg,piñata,d,duplicates,3,delete
2950,2950,132a_2.jpg,lawn mower vehicle,d,blurry,1,delete
2951,2951,132b_2.jpg,lawn mower vehicle,d,blurry,1,delete
2954,2954,134a_2.jpg,boxes on dolly,d,similar,5,delete
2955,2955,134b_2.jpg,boxes on dolly,d,similar,5,delete
2964,2964,139a_1.jpg,saddle,d,duplicates,2,delete
2965,2965,139b_1.jpg,saddle,d,duplicates,2,delete
2966,2966,140a_2.jpg,old gps,d,duplicates,3,delete
2967,2967,140b_2.jpg,old gps,d,duplicates,3,delete
2976,2976,145a_1.jpg,arcade game,d,similar,3,delete
2977,2977,145b_1.jpg,arcade game,d,similar,3,delete
2980,2980,147a_2.jpg,tissues,d,Duplicate of set 6 image 106,5,delete
2981,2981,147b_2.jpg,tissues,d,Duplicate of set 6 image 106,5,delete
2982,2982,148a_1.jpg,fire hydrant,d,duplicates,2,delete
2983,2983,148b_1.jpg,fire hydrant,d,duplicates,2,delete
2990,2990,152a_1.jpg,cradle,d,hard to identify,3,delete
2991,2991,152b_1.jpg,cradle,d,hard to identify,3,delete
2992,2992,153a_2.jpg,bathroom sink,d,duplicates,2,delete
2993,2993,153b_2.jpg,bathroom sink,d,duplicates,2,delete
2996,2996,155a_2.jpg,hair brush,d,duplicates,5,delete
2997,2997,155b_2.jpg,hair brush,d,duplicates,5,delete
3002,3002,158a_1.jpg,soap dispenser,d,"hard to identify, similar concept",4,delete
3003,3003,158b_1.jpg,soap dispenser,d,"hard to identify, similar concept",4,delete
3006,3006,160a_1.jpg,multipurpose knife set,d,duplicates,2,delete
3007,3007,160b_1.jpg,multipurpose knife set,d,duplicates,2,delete
3008,3008,161a_1.jpg,fruit cake,d,duplicates,4,delete
3009,3009,161b_1.jpg,fruit cake,d,duplicates,4,delete
3010,3010,162a_2.jpeg,electric lamp,d,duplicates,4,delete
3011,3011,162b_2.jpg,electric lamp,d,duplicates,4,delete
3012,3012,163a_2.jpg,shopping cart,d,duplicates,5,delete
3013,3013,163b_2.jpg,shopping cart,d,duplicates,5,delete
3014,3014,164a_1.jpg,baloon,d,similar,5,delete
3015,3015,164b_1.jpg,baloon,d,similar,5,delete
3016,3016,165a_1.jpg,slinky,d,duplicates,1,delete
3017,3017,165b_1.jpg,slinky,d,duplicates,1,delete
3018,3018,166a_2.jpg,leather couch,d,Duplicate of set 2 image 180,5,delete
3019,3019,166b_2.jpg,leather couch,d,Duplicate of set 2 image 180,5,delete
3022,3022,168a_1.jpg,glass of wine,d,Duplicate of set 2 #57,4,delete
3023,3023,168b_1.jpg,glass of wine,d,Duplicate of set 2 #57,4,delete
3028,3028,171a_2.jpg,gas pump,d,duplicate,2,delete
3029,3029,171b_2.jpg,gas pump,d,duplicate,2,delete
3030,3030,172a_2.jpg,bike wheel,d,duplicate,5,delete
3031,3031,172b_2.jpg,bike wheel,d,duplicate,5,delete
3032,3032,173a_2.jpg,wine rack,d,duplicate,5,delete
3033,3033,173b_2.jpg,wine rack,d,duplicate,5,delete
3036,3036,175a_1.jpg,handle,d,duplicate,1,delete
3037,3037,175b_1.jpg,handle,d,duplicate,1,delete
3038,3038,176a_1.jpg,BBQ grill,d,duplicate,3,delete
3039,3039,176b_1.jpg,BBQ grill,d,duplicate,3,delete
3042,3042,178a_2.jpg,plunger,d,duplicate,3,delete
3043,3043,178b_2.jpg,plunger,d,duplicate,3,delete
3044,3044,179a_1.jpg,towels,d,duplicate,4,delete
3045,3045,179b_1.jpg,towels,d,duplicate,4,delete
3048,3048,181a_1.jpg,toy truck,d,duplicate,4,delete
3049,3049,181b_1.jpg,toy truck,d,duplicate,4,delete
3050,3050,182a_2.jpg,bar stool,d,duplicate,3,delete
3051,3051,182b_2.jpg,bar stool,d,duplicate,3,delete
3052,3052,183a_1.jpg,office drawer,d,blurry,5,delete
3053,3053,183b_1.jpg,office drawer,d,blurry,5,delete
3062,3062,188a_2.jpg,hole puncher,d,duplicate,4,delete
3063,3063,188b_2.jpg,hole puncher,d,duplicate,4,delete
3074,3074,002a_2.jpg,pizza slice,e,duplicate,4,delete
3075,3075,002b_2.jpg,pizza slice,e,duplicate,4,delete
3078,3078,004a_1.jpg,chicken drumsticks,e,duplicate,5,delete
3079,3079,004b_1.jpg,chicken drumsticks,e,duplicate,5,delete
3080,3080,005a_2.jpg,high heels,e,similar ,5,delete
3081,3081,005b_2.jpg,high heels,e,similar ,5,delete
3084,3084,007a_2.jpg,mini BBQ grill,e,duplicate,1,delete
3085,3085,007b_2.jpg,mini BBQ grill,e,duplicate,1,delete
3086,3086,008a_1.jpg,slotted turner,e,similar,1,delete
3087,3087,008b_1.jpg,slotted turner,e,similar,1,delete
3089,3089,009b_1.jpg,pitcher,e,similar,5,delete
3090,3090,010a_2.jpg,hair brush,e,similar,2,delete
3091,3091,010b_2.jpg,hair brush,e,similar,2,delete
3092,3092,011a_1.jpg,ladel,e,similar,2,delete
3094,3094,012a_2.jpg,pepper mill,e,duplicate,1,delete
3095,3095,012b_2.jpg,pepper mill,e,duplicate,1,delete
3096,3096,013a_1.jpg,tennis ball,e,duplicate,1,delete
3097,3097,013b_1.jpg,tennis ball,e,duplicate,1,delete
3098,3098,014a_2.jpg,bonsai tree,e,duplicate,4,delete
3099,3099,014b_2.jpg,bonsai tree,e,duplicate,4,delete
3100,3100,015a_1.jpg,hammok,e,similar,1,delete
3101,3101,015b_1.jpg,hammok,e,similar,1,delete
3104,3104,017a_1.jpg,purse,e,similar,4,delete
3105,3105,017b_1.jpg,purse,e,similar,4,delete
3106,3106,018a_1.jpg,old telephone,e,similar,1,delete
3107,3107,018b_1.jpg,old telephone,e,similar,1,delete
3108,3108,019a_2.jpg,lime,e,duplicate,3,delete
3109,3109,019b_2.jpg,lime,e,duplicate,3,delete
3110,3110,020a_1.jpg,can opener,e,duplicate,1,delete
3111,3111,020b_1.jpg,can opener,e,duplicate,1,delete
3120,3120,025a_1.jpg,donut,e,duplicate,5,delete
3121,3121,025b_1.jpg,donut,e,duplicate,5,delete
3126,3126,028a_1.jpg,standing mirror,e,duplicate,1,delete
3127,3127,028b_1.jpg,standing mirror,e,duplicate,1,delete
3128,3128,029a_2.jpg,electric hand mixer,e,Duplicate of set 3 #86,2,delete
3129,3129,029b_2.jpg,electric hand mixer,e,Duplicate of set 3 #86,2,delete
3130,3130,030a_1.jpg,beach ball,e,duplicate,2,delete
3131,3131,030b_1.jpg,beach ball,e,duplicate,2,delete
3132,3132,031a_2.jpg,black bowl,e,duplicate,3,delete
3133,3133,031b_2.jpg,black bowl,e,duplicate,3,delete
3144,3144,037a_1.jpg,swing,e,similar,4,delete
3145,3145,037b_1.jpg,swing,e,similar,4,delete
3148,3148,039a_2.jpg,duffle bag,e,duplicate,2,delete
3149,3149,039b_2.jpg,duffle bag,e,duplicate,2,delete
3150,3150,040a_2.jpg,jalapeño pepper,e,duplicate,4,delete
3151,3151,040b_2.jpg,jalapeño pepper,e,duplicate,4,delete
3154,3154,042a_2.jpg,chocolate popsicle,e,duplicate,3,delete
3155,3155,042b_2.jpg,chocolate popsicle,e,duplicate,3,delete
3156,3156,043a_1.jpg,fan,e,similar,1,delete
3157,3157,043b_1.jpg,fan,e,similar,1,delete
3162,3162,046a_2.jpg,hose clamp,e,hard to identify,3,delete
3163,3163,046b_2.jpg,hose clamp,e,hard to identify,3,delete
3164,3164,047a_1.jpg,floor lamp,e,duplicate,2,delete
3165,3165,047b_1.jpg,floor lamp,e,duplicate,2,delete
3166,3166,048a_1.jpg,spoon measuring set,e,duplicate,1,delete
3167,3167,048b_1.jpg,spoon measuring set,e,duplicate,1,delete
3168,3168,049a_1.jpg,fountain pen,e,duplicate,2,delete
3169,3169,049b_1.jpg,fountain pen,e,duplicate,2,delete
3170,3170,050a_1.jpg,pogo stick,e,hard to identify,2,delete
3171,3171,050b_1.jpg,pogo stick,e,hard to identify,2,delete
3172,3172,051a_1.jpg,cat stratcher,e,duplicate,3,delete
3173,3173,051b_1.jpg,cat stratcher,e,duplicate,3,delete
3174,3174,052a_2.jpg,rubics cube,e,Duplicate of set 6 image 95,4,delete
3175,3175,052b_2.jpg,rubics cube,e,Duplicate of set 6 image 95,4,delete
3178,3178,054a_2.jpg,candle stick,e,similar,1,delete
3179,3179,054b_2.jpg,candle stick,e,similar,1,delete
3180,3180,055a_2.jpg,bar stool,e,similar,1,delete
3181,3181,055b_2.jpg,bar stool,e,similar,1,delete
3184,3184,057a_1.jpg,bed,e,duplicate,1,delete
3185,3185,057b_1.jpg,bed,e,duplicate,1,delete
3196,3196,063a_2.jpg,pom poms,e,duplicate,1,delete
3197,3197,063b_2.jpg,pom poms,e,duplicate,1,delete
3198,3198,064a_2.jpg,hole puncher,e,duplicate,2,delete
3199,3199,064b_2.jpg,hole puncher,e,duplicate,2,delete
3200,3200,065a_1.jpg,file cabinet,e,duplicate,3,delete
3201,3201,065b_1.jpg,file cabinet,e,duplicate,3,delete
3202,3202,066a_1.jpg,hair clips,e,duplicate,1,delete
3203,3203,066b_1.jpg,hair clips,e,duplicate,1,delete
3204,3204,067a_1.jpg,hair clips,e,duplicate,2,delete
3205,3205,067b_1.jpg,hair clips,e,duplicate,2,delete
3206,3206,068a_2.jpg,apple core,e,duplicate,1,delete
3207,3207,068b_2.jpg,apple core,e,duplicate,1,delete
3214,3214,072a_1.jpg,treadmill,e,duplicate,1,delete
3215,3215,072b_1.jpg,treadmill,e,duplicate,1,delete
3224,3224,077a_2.jpg,bowl of chips,e,similar,2,delete
3225,3225,077b_2.jpg,bowl of chips,e,similar,2,delete
3230,3230,080a_2.jpg,soap,e,duplicate,1,delete
3231,3231,080b_2.jpg,soap,e,duplicate,1,delete
3232,3232,081a_1.jpg,alcohol flask,e,duplicate,3,delete
3233,3233,081b_1.jpg,alcohol flask,e,duplicate,3,delete
3234,3234,082a_1.jpg,bass guitar,e,similar,5,delete
3235,3235,082b_1.jpg,bass guitar,e,similar,5,delete
3240,3240,085a_2.jpg,santa hat,e,duplicate,4,delete
3241,3241,085b_2.jpg,santa hat,e,duplicate,4,delete
3242,3242,086a_1.jpg,soap dispenser,e,duplicate,2,delete
3243,3243,086b_1.jpg,soap dispenser,e,duplicate,2,delete
3252,3252,091a_2.jpg,paper cutter,e,duplicate,2,delete
3253,3253,091b_2.jpg,paper cutter,e,duplicate,2,delete
3254,3254,092a_1.jpg,pancake,e,duplicate,5,delete
3255,3255,092b_1.jpg,pancake,e,duplicate,5,delete
3258,3258,094a_1.jpg,sailboat maquette,e,duplicate,4,delete
3259,3259,094b_1.jpg,sailboat maquette,e,duplicate,4,delete
3260,3260,095a_2.jpg,gift gibbons,e,duplicate,3,delete
3261,3261,095b_2.jpg,gift gibbons,e,duplicate,3,delete
3264,3264,097a_1.jpg,frying pan,e,Duplicate of set 3 image 13,2,delete
3265,3265,097b_1.jpg,frying pan,e,Duplicate of set 3 image 13,2,delete
3270,3270,100a_2.jpg,monkey with cymbals,e,duplicate,4,delete
3271,3271,100b_2.jpg,monkey with cymbals,e,duplicate,4,delete
3274,3274,102a_1.jpg,robot dog,e,duplicate,3,delete
3275,3275,102b_1.jpg,robot dog,e,duplicate,3,delete
3278,3278,104a_1.jpg,stack of chairs,e,similar,4,delete
3279,3279,104b_1.jpg,stack of chairs,e,similar,4,delete
3286,3286,108a_1.jpg,bellow,e,hard to identify,3,delete
3287,3287,108b_1.jpg,bellow,e,hard to identify,3,delete
3292,3292,111a_1.jpg,bloody mary cocktail,e,duplicate,4,delete
3293,3293,111b_1.jpg,bloody mary cocktail,e,duplicate,4,delete
3306,3306,118a_2.jpg,feather duster,e,duplicate,3,delete
3307,3307,118b_2.jpg,feather duster,e,duplicate,3,delete
3312,3312,121a_2.jpg,hair straightener,e,blurry image,4,delete
3314,3314,122a_1.jpg,wooden ball toy,e,duplicate,2,delete
3315,3315,122b_1.jpg,wooden ball toy,e,duplicate,2,delete
3316,3316,123a_1.jpg,air hockey,e,duplicate,1,delete
3317,3317,123b_1.jpg,air hockey,e,duplicate,1,delete
3318,3318,124a_2.jpg,knife rack,e,similar,5,delete
3319,3319,124b_2.jpg,knife rack,e,similar,5,delete
3320,3320,125a_1.jpg,lint roller,e,duplicate,3,delete
3321,3321,125b_1.jpg,lint roller,e,duplicate,3,delete
3322,3322,126a_1.jpg,maple syrup,e,duplicate,5,delete
3323,3323,126b_1.jpg,maple syrup,e,duplicate,5,delete
3324,3324,127a_2.jpg,ankle boot,e,duplicate,1,delete
3325,3325,127b_2.jpg,ankle boot,e,duplicate,1,delete
3326,3326,128a_2.jpg,paper décor,e,duplicate,3,delete
3327,3327,128b_2.jpg,paper décor,e,duplicate,3,delete
3328,3328,129a_2.jpg,potato masher,e,hard to identify,5,delete
3329,3329,129b_2.jpg,potato masher,e,hard to identify,5,delete
3334,3334,132a_2.jpg,bowling ball,e,duplicate,4,delete
3335,3335,132b_2.jpg,bowling ball,e,duplicate,4,delete
3344,3344,137a_1.jpg,?,e,hard to identify,2,delete
3345,3345,137b_1.jpg,?,e,hard to identify,2,delete
3346,3346,138a_1.jpg,tofu,e,duplicate,1,delete
3347,3347,138b_1.jpg,tofu,e,duplicate,1,delete
3356,3356,143a_1.jpg,pizza cutter,e,duplicate,2,delete
3357,3357,143b_1.jpg,pizza cutter,e,duplicate,2,delete
3368,3368,149a_2.jpg,apple slicer,e,duplicate,2,delete
3369,3369,149b_2.jpg,apple slicer,e,duplicate,2,delete
3372,3372,151a_2.jpg,hole puncher,e,duplicate,3,delete
3373,3373,151b_2.jpg,hole puncher,e,duplicate,3,delete
3376,3376,153a_2.jpg,ironing board,e,duplicate,5,delete
3377,3377,153b_2.jpg,ironing board,e,duplicate,5,delete
3380,3380,155a_2.jpg,leaf blower,e,duplicate,1,delete
3381,3381,155b_2.jpg,leaf blower,e,duplicate,1,delete
3382,3382,156a_2.jpg,light house ,e,duplicate,4,delete
3383,3383,156b_2.JPG,light house ,e,duplicate,4,delete
3386,3386,158a_1.jpg,stepping stool,e,Duplicate from set 1 image 161,3,delete
3387,3387,158b_1.jpg,stepping stool,e,Duplicate from set 1 image 161,3,delete
3388,3388,159a_1.jpg,nail clippers,e,duplicate,3,delete
3389,3389,159b_1.jpg,nail clippers,e,duplicate,3,delete
3396,3396,163a_2.jpg,rocking chair,e,duplicate,1,delete
3397,3397,163b_2.jpg,rocking chair,e,duplicate,1,delete
3402,3402,166a_2.jpg,club lights,e,duplicate,4,delete
3403,3403,166b_2.jpg,club lights,e,duplicate,4,delete
3406,3406,168a_1.jpg,scraper tool,e,hard to identify,5,delete
3407,3407,168b_1.jpg,scraper tool,e,hard to identify,5,delete
3410,3410,170a_1.jpg,folder,e,hard to see,3,delete
3412,3412,171a_2.jpg,tape recorder,e,duplicate,2,delete
3413,3413,171b_2.jpg,tape recorder,e,duplicate,2,delete
3416,3416,173a_2.jpg,tape dispenser,e,duplicate,4,delete
3417,3417,173b_2.jpg,tape dispenser,e,duplicate,4,delete
3420,3420,175a_1.jpg,sawhorse work bench,e,hard to identify,2,delete
3421,3421,175b_1.jpg,sawhorse work bench,e,hard to identify,2,delete
3426,3426,178a_2.jpg,dustpan,e,duplicate,3,delete
3427,3427,178b_2.jpg,dustpan,e,duplicate,3,delete
3430,3430,180a_1.jpg,candy dispenser,e,duplicate,2,delete
3431,3431,180b_1.jpg,candy dispenser,e,duplicate,2,delete
3434,3434,182a_2.jpg,hot tub,e,duplicate,4,delete
3435,3435,182b_2.jpg,hot tub,e,duplicate,4,delete
3444,3444,187a_1.jpg,coin purse,e,duplicate,5,delete
3445,3445,187b_1.jpg,coin purse,e,duplicate,5,delete
3446,3446,188a_2.jpg,?,e,hard to identify,5,delete
3447,3447,188b_2.jpg,?,e,hard to identify,5,delete
3448,3448,189a_2.jpg,shoe horn,e,duplicate,4,delete
3449,3449,189b_2.jpg,shoe horn,e,duplicate,4,delete
3450,3450,190a_1.jpg,cat litter,e,hard to identify,5,delete
3451,3451,190b_1.jpg,cat litter,e,hard to identify,5,delete
3452,3452,191a_2.jpg,ping pong table,e,similar,3,delete
3453,3453,191b_2.jpeg,ping pong table,e,similar,3,delete
3454,3454,192a_2.jpg,mr potato head,e,duplicate,3,delete
3455,3455,192b_2.jpg,mr potato head,e,duplicate,3,delete
3458,3458,002a_2.jpg,fridge,f,duplicate,1,delete
3459,3459,002b_2.jpg,fridge,f,duplicate,1,delete
3460,3460,003a_2.jpg,headphones,f,duplicate,5,delete
3461,3461,003b_2.jpg,headphones,f,duplicate,5,delete
3462,3462,004a_1.jpg,grapefruit,f,duplicate,2,delete
3463,3463,004b_1.jpg,grapefruit,f,duplicate,2,delete
3468,3468,007a_2.jpg,pencil,f,duplicate,1,delete
3469,3469,007b_2.jpg,pencil,f,duplicate,1,delete
3470,3470,008a_1.jpg,highlighter,f,hard to identify,4,delete
3472,3472,009a_1.jpg,banana,f,similar,3,delete
3473,3473,009b_1.jpg,banana,f,similar,3,delete
3486,3486,016a_1.jpg,shoe horn,f,duplicate,2,delete
3487,3487,016b_1.jpg,shoe horn,f,duplicate,2,delete
3488,3488,017a_1.jpg,manniquen,f,similar,1,delete
3489,3489,017b_1.jpg,manniquen,f,similar,1,delete
3490,3490,018a_1.jpg,flute,f,similar,2,delete
3491,3491,018b_1.jpg,flute,f,similar,2,delete
3492,3492,019a_2.jpg,sunflower,f,duplicate,1,delete
3493,3493,019b_2.jpg,sunflower,f,duplicate,1,delete
3494,3494,020a_1.jpg,doily,f,hard to see,1,delete
3495,3495,020b_1.jpg,doily,f,hard to see,1,delete
3510,3510,028a_1.jpg,ladel,f,similar,2,delete
3511,3511,028b_1.jpg,ladel,f,similar,2,delete
3512,3512,029a_2.jpg,cheese shredded,f,similar,3,delete
3513,3513,029b_2.jpg,cheese shredded,f,similar,3,delete
3514,3514,030a_1.jpg,gloves,f,duplicate,2,delete
3515,3515,030b_1.jpg,gloves,f,duplicate,2,delete
3516,3516,031a_2.jpg,papaya,f,duplicate,1,delete
3517,3517,031b_2.jpg,papaya,f,duplicate,1,delete
3520,3520,033a_2.jpg,fan,f,similar,4,delete
3521,3521,033b_2.jpg,fan,f,similar,4,delete
3534,3534,040a_2.jpg,music note,f,duplicate,4,delete
3535,3535,040b_2.jpg,music note,f,duplicate,4,delete
3546,3546,046a_2.jpg,paint brush,f,similar,2,delete
3547,3547,046b_2.jpg,paint brush,f,similar,2,delete
3548,3548,047a_1.jpg,wisk,f,duplicate,2,delete
3549,3549,047b_1.jpg,wisk,f,duplicate,2,delete
3550,3550,048a_1.jpg,?,f,hard to identify,4,delete
3551,3551,048b_1.jpg,?,f,hard to identify,4,delete
3552,3552,049a_1.jpg,backpack,f,similar,4,delete
3553,3553,049b_1.jpg,backpack,f,similar,4,delete
3556,3556,051a_1.jpg,stopwatch,f,similar,4,delete
3557,3557,051b_1.jpg,stopwatch,f,similar,4,delete
3560,3560,053a_1.jpg,chello,f,Duplicate from set 3 image #152,3,delete
3561,3561,053b_1.jpg,chello,f,Duplicate from set 3 image #152,3,delete
3562,3562,054a_2.jpg,tennis ball,f,duplicate,2,delete
3563,3563,054b_2.jpg,tennis ball,f,duplicate,2,delete
3566,3566,056a_2.jpg,jackfruit,f,duplicate,3,delete
3567,3567,056b_2.jpg,jackfruit,f,duplicate,3,delete
3568,3568,057a_1.jpg,burrito,f,duplicate,5,delete
3569,3569,057b_1.jpg,burrito,f,duplicate,5,delete
3574,3574,060a_1.jpg,baseball cap,f,duplicate,4,delete
3575,3575,060b_1.jpg,baseball cap,f,duplicate,4,delete
3576,3576,061a_1.jpg,football,f,duplicate,1,delete
3577,3577,061b_1.jpg,football,f,duplicate,1,delete
3580,3580,063a_2.jpg,bull clip,f,duplicate,2,delete
3581,3581,063b_2.jpg,bull clip,f,duplicate,2,delete
3584,3584,065a_1.jpg,bassoon,f,hard to identify,3,delete
3585,3585,065b_1.jpg,bassoon,f,hard to identify,3,delete
3586,3586,066a_1.jpg,loudspeaker,f,duplicate in the same set,2,delete
3587,3587,066b_1.jpg,loudspeaker,f,duplicate in the same set,2,delete
3590,3590,068a_2.jpg,leather jacket,f,duplicate,2,delete
3591,3591,068b_2.jpg,leather jacket,f,duplicate,2,delete
3594,3594,070a_2.jpg,furry keychain,f,duplicate,5,delete
3595,3595,070b_2.jpg,furry keychain,f,duplicate,5,delete
3596,3596,071a_1.jpg,flute,f,duplicate,2,delete
3597,3597,071b_1.jpg,flute,f,duplicate,2,delete
3602,3602,074a_2.jpg,cone,f,duplicate,4,delete
3603,3603,074b_2.jpg,cone,f,duplicate,4,delete
3610,3610,078a_1.jpg,cowboy boots,f,similar,2,delete
3611,3611,078b_1.jpg,cowboy boots,f,similar,2,delete
3612,3612,079a_1.jpg,electric onion chopper,f,duplicate,2,delete
3613,3613,079b_1.jpg,electric onion chopper,f,duplicate,2,delete
3614,3614,080a_2.jpg,high heels,f,similar,1,delete
3615,3615,080b_2.jpg,high heels,f,similar,1,delete
3620,3620,083a_1.jpg,lawn mower,f,duplicate,2,delete
3621,3621,083b_1.jpg,lawn mower,f,duplicate,2,delete
3622,3622,084a_1.jpg,bird cage,f,similar,3,delete
3623,3623,084b_1.jpg,bird cage,f,similar,3,delete
3624,3624,085a_2.jpg,gardening scissors,f,duplicate,1,delete
3625,3625,085b_2.jpg,gardening scissors,f,duplicate,1,delete
3628,3628,087a_2.jpg,gardening hoe,f,duplicate,4,delete
3629,3629,087b_2.jpg,gardening hoe,f,duplicate,4,delete
3632,3632,089a_1.jpg,leaf rake,f,duplicate,1,delete
3633,3633,089b_1.jpg,leaf rake,f,duplicate,1,delete
3638,3638,092a_1.jpg,?,f,hard to identify,4,delete
3639,3639,092b_1.jpg,?,f,hard to identify,4,delete
3642,3642,094a_1.jpg,hair dryer,f,duplicate,2,delete
3643,3643,094b_1.jpg,hair dryer,f,duplicate,2,delete
3644,3644,095a_2.jpg,rubber mallet,f,duplicate,2,delete
3645,3645,095b_2.jpg,rubber mallet,f,duplicate,2,delete
3646,3646,096a_1.jpg,lipstick,f,duplicate,1,delete
3647,3647,096b_1.jpg,lipstick,f,duplicate,1,delete
3650,3650,098a_1.jpg,walnut,f,Duplicate from set 6 image #08,2,delete
3651,3651,098b_1.jpg,walnut,f,Duplicate from set 6 image #08,2,delete
3658,3658,102a_1.jpg,volleyball,f,duplicate,3,delete
3659,3659,102b_1.jpg,volleyball,f,duplicate,3,delete
3664,3664,105a_1.jpg,microphone,f,similar in same set,1,delete
3665,3665,105b_1.jpg,microphone,f,similar in same set,1,delete
3670,3670,108a_1.jpg,candle lantern,f,similar in same set,3,delete
3671,3671,108b_1.jpg,candle lantern,f,similar in same set,3,delete
3672,3672,109a_1.jpg,tennis shoes,f,Duplicate from set 2 #160,1,delete
3673,3673,109b_1.jpg,tennis shoes,f,Duplicate from set 2 #160,1,delete
3674,3674,110a_2.jpg,post it note,f,duplicate,2,delete
3675,3675,110b_2.jpg,post it note,f,duplicate,2,delete
3676,3676,111a_1.jpg,thermos,f,duplicate,5,delete
3677,3677,111b_1.jpg,thermos,f,duplicate,5,delete
3678,3678,112a_1.jpg,crab fork,f,duplicate,3,delete
3679,3679,112b_1.jpg,crab fork,f,duplicate,3,delete
3680,3680,113a_2.jpg,spoon,f,duplicate,3,delete
3681,3681,113b_2.jpg,spoon,f,duplicate,3,delete
3682,3682,114a_1.jpg,bananas,f,similar in same set,4,delete
3683,3683,114b_1.jpg,bananas,f,similar in same set,4,delete
3684,3684,115a_2.jpg,cookie,f,similar ,5,delete
3685,3685,115b_2.jpg,cookie,f,similar ,5,delete
3686,3686,116a_2.jpg,cupcake,f,duplicate,5,delete
3687,3687,116b_2.jpg,cupcake,f,duplicate,5,delete
3688,3688,117a_2.jpg,frog,f,duplicate,3,delete
3689,3689,117b_2.jpg,frog,f,duplicate,3,delete
3692,3692,119a_1.jpg,bicycle,f,duplicate,5,delete
3693,3693,119b_1.jpg,bicycle,f,duplicate,5,delete
3694,3694,120a_1.jpg,burger,f,Duplicate from set 6 image 15,4,delete
3695,3695,120b_1.jpg,burger,f,Duplicate from set 6 image 15,4,delete
3700,3700,123a_1.jpg,folders,f,similar,5,delete
3701,3701,123b_1.jpg,folders,f,similar,5,delete
3702,3702,124a_2.jpg,notebook,f,similar,5,delete
3703,3703,124b_2.jpg,notebook,f,similar,5,delete
3704,3704,125a_1.jpg,notebook,f,duplicate,4,delete
3705,3705,125b_1.jpg,notebook,f,duplicate,4,delete
3706,3706,126a_1.jpg,briefcase,f,similar,5,delete
3707,3707,126b_1.jpg,briefcase,f,similar,5,delete
3708,3708,127a_2.jpg,crutches,f,duplicate,1,delete
3709,3709,127b_2.jpg,crutches,f,duplicate,1,delete
3710,3710,128a_2.jpg,towels,f,duplicate,1,delete
3711,3711,128b_2.jpg,towels,f,duplicate,1,delete
3712,3712,129a_2.jpg,chopstick holder,f,duplicate,3,delete
3713,3713,129b_2.jpg,chopstick holder,f,duplicate,3,delete
3716,3716,131a_1.jpg,bull clip,f,similar in same set,2,delete
3717,3717,131b_1.jpg,bull clip,f,similar in same set,2,delete
3718,3718,132a_2.jpg,whale toy,f,Duplicate from set 6 image 146,1,delete
3719,3719,132b_2.jpg,whale toy,f,Duplicate from set 6 image 146,1,delete
3720,3720,133a_1.jpg,shrimp,f,duplicate,3,delete
3721,3721,133b_1.jpg,shrimp,f,duplicate,3,delete
3726,3726,136a_2.jpg,wistle,f,Duplicate from set 3 image 53,3,delete
3727,3727,136b_2.jpg,wistle,f,Duplicate from set 3 image 53,3,delete
3728,3728,137a_1.jpg,flute,f,similar in same set,3,delete
3729,3729,137b_1.jpg,flute,f,similar in same set,3,delete
3730,3730,138a_1.jpg,oboa,f,similar in same set,1,delete
3731,3731,138b_1.jpg,oboa,f,similar in same set,1,delete
3732,3732,139a_1.jpg,violin,f,similar in same set,3,delete
3733,3733,139b_1.jpg,violin,f,similar in same set,3,delete
3734,3734,140a_2.jpg,trumpet,f,similar,4,delete
3735,3735,140b_2.jpg,trumpet,f,similar,4,delete
3736,3736,141a_2.jpg,metronome,f,duplicate,4,delete
3737,3737,141b_2.jpg,metronome,f,duplicate,4,delete
3744,3744,145a_1.jpg,sewing thimble,f,hard to identify,3,delete
3745,3745,145b_1.jpg,sewing thimble,f,hard to identify,3,delete
3746,3746,146a_2.jpg,football,f,similar in same set,3,delete
3747,3747,146b_2.jpg,football,f,similar in same set,3,delete
3748,3748,147a_2.jpg,leaf rake,f,similar in same set,3,delete
3749,3749,147b_2.jpg,leaf rake,f,similar in same set,3,delete
3750,3750,148a_1.jpg,gardening gloves,f,similar,4,delete
3751,3751,148b_1.jpg,gardening gloves,f,similar,4,delete
3752,3752,149a_2.jpg,poking tool,f,hard to identify,4,delete
3753,3753,149b_2.jpg,poking tool,f,hard to identify,4,delete
3756,3756,151a_2.jpg,feather earrings,f,duplicate,5,delete
3757,3757,151b_2.jpg,feather earrings,f,duplicate,5,delete
3762,3762,154a_2.jpg,sandwich,f,duplicate,5,delete
3763,3763,154b_2.jpg,sandwich,f,duplicate,5,delete
3766,3766,156a_2.jpg,tie,f,similar,5,delete
3767,3767,156b_2.JPG,tie,f,similar,5,delete
3768,3768,157a_2.jpg,bow tie,f,similar in same set,4,delete
3769,3769,157b_2.jpg,bow tie,f,similar in same set,4,delete
3774,3774,160a_1.jpg,rug,f,duplicate,1,delete
3775,3775,160b_1.jpg,rug,f,duplicate,1,delete
3776,3776,161a_1.jpg,eraser,f,duplicate,3,delete
3777,3777,161b_1.jpg,eraser,f,duplicate,3,delete
3778,3778,162a_2.jpeg,belt,f,similar in same set,4,delete
3779,3779,162b_2.jpg,belt,f,similar in same set,4,delete
3782,3782,164a_1.jpg,CD player,f,duplicate,5,delete
3783,3783,164b_1.jpg,CD player,f,duplicate,5,delete
3788,3788,167a_2.jpg,plate,f,similar,5,delete
3789,3789,167b_2.jpg,plate,f,similar,5,delete
3792,3792,169a_2.jpg,stone,f,hard to identify,3,delete
3793,3793,169b_2.jpg,stone,f,hard to identify,3,delete
3794,3794,170a_1.jpg,ribbon,f,similar,5,delete
3795,3795,170b_1.jpg,ribbon,f,similar,5,delete
3796,3796,171a_2.jpg,I voted,f,Duplicate from set 6 image 117,5,delete
3797,3797,171b_2.jpg,I voted,f,Duplicate from set 6 image 117,5,delete
3806,3806,176a_1.jpg,monitor,f,duplicate,5,delete
3807,3807,176b_1.jpg,monitor,f,duplicate,5,delete
3808,3808,177a_2.jpg,muffin,f,duplicate,5,delete
3809,3809,177b_2.jpg,muffin,f,duplicate,5,delete
3810,3810,178a_2.jpg,mug,f,duplicate,4,delete
3811,3811,178b_2.jpg,mug,f,duplicate,4,delete
3814,3814,180a_1.jpg,post card,f,duplicate,5,delete
3815,3815,180b_1.jpg,post card,f,duplicate,5,delete
3816,3816,181a_1.jpg,chalk,f,similar,1,delete
3817,3817,181b_1.jpg,chalk,f,similar,1,delete
3820,3820,183a_1.jpg,moving boxes,f,similar,4,delete
3821,3821,183b_1.jpg,moving boxes,f,similar,4,delete
3824,3824,185a_1.jpg,highlighter,f,similar in same set,3,delete
3825,3825,185b_1.jpg,highlighter,f,similar in same set,3,delete
3826,3826,186a_2.jpg,bottle cap?,f,hard to identify,5,delete
3827,3827,186b_2.jpg,bottle cap?,f,hard to identify,5,delete
3828,3828,187a_1.jpg,coffee thermos,f,similar,5,delete
3829,3829,187b_1.jpg,coffee thermos,f,similar,5,delete
3830,3830,188a_2.jpg,school lunch,f,duplicate,4,delete
3831,3831,188b_2.jpg,school lunch,f,duplicate,4,delete
3832,3832,189a_2.jpg,leather boots,f,similar in same set,2,delete
3833,3833,189b_2.jpg,leather boots,f,similar in same set,2,delete
